{"cameraMode":{"drawMode":0,"name":"Shaded","section":"Shading Mode"},"sceneLighting":true,"audioPlay":false,"sceneViewState":{"m_AlwaysRefresh":false,"showFog":true,"showSkybox":true,"showFlares":true,"showImageEffects":true,"showParticleSystems":true,"showVisualEffectGraphs":true,"m_FxEnabled":true},"in2DMode":false,"pivot":{"x":0.03397412225604057,"y":1.6122589111328126,"z":0.8321366310119629},"rotation":{"x":0.24693740904331208,"y":0.5521767735481262,"z":-0.17554765939712525,"w":0.776746928691864},"size":4.271742820739746,"orthographic":false}